children,17
workers,15
forests,11
opinions,8
weighing,7
california,7
plastics,7
directions,6
decision,6
emotions,6
sympathy,6
following,5
significant,5
according,5
emotional,5
efforts,5
plastic,5
writing,5
decisions,5
section,4
overall,4
training,4
because,4
parents,4
climate,4
capacity,4
agricultural,4
laborers,4
process,4
percent,4
individual,4
homebuying,4
fitness,3
program,3
changes,3
important,3
remains,3
success,3
choosing,3
friends,3
example,3
professor,3
challenges,3
balance,3
insects,3
drought,3
governments,3
control,3
effective,3
serious,3
financial,3
support,3
american,3
farmers,3
without,3
immigration,3
businesses,3
consumers,3
workforce,3
shortage,3
environment,3
citizens,3
desombre,3
opinion,3
hampson,3
english,2
numbered,2
generally,2
healthy,2
bimonthly,2
information,2
experiencing,2
experienced,2
greater,2
specific,2
numbers,2
otherwise,2
however,2
immediate,2
reasons,2
instead,2
account,2
features,2
reading,2
questions,2
answers,2
researchers,2
popular,2
revival,2
rethinking,2
psychology,2
university,2
feelings,2
context,2
species,2
together,2
opportunity,2
different,2
cooperation,2
sharing,2
transgressions,2
ability,2
paragraph,2
benefit,2
against,2
valuable,2
require,2
consumed,2
increasingly,2
already,2
million,2
wildfires,2
emissions,2
auctions,2
opportunities,2
implies,2
potential,2
foreign,2
immigrants,2
country,2
changing,2
limited,2
employers,2
complain,2
growers,2
decline,2
agriculture,2
farming,2
younger,2
message,2
celebrities,2
envirornnent,2
achieved,2
actions,2
licensing,2
industries,2
environmental,2
behavior,2
choices,2
approach,2
collective,2
mcclain,2
backyard,2
housing,2
especially,2
considered,2
activities,2
aspects,2
consideration,2
translation,2
herriot,2
yourself,1
regularly,1
wonderful,1
sometimes,1
fluctuations,1
physically,1
focusing,1
thinking,1
altered,1
conflicted,1
provide,1
accurate,1
progress,1
observed,1
strength,1
altering,1
stopped,1
switched,1
schedule,1
whether,1
observe,1
nutrition,1
intensity,1
constantly,1
dropping,1
increase,1
caloric,1
wonders,1
increased,1
working,1
morning,1
achieving,1
clothes,1
besides,1
therefore,1
reduces,1
initially,1
occasionally,1
formally,1
recording,1
lowering,1
explaining,1
accepting,1
definition,1
depiction,1
distribution,1
prediction,1
regardless,1
orderly,1
precise,1
judgments,1
methods,1
overlook,1
conceal,1
approve,1
prepare,1
results,1
anxious,1
principle,1
request,1
necessity,1
disappointing,1
surprising,1
restricting,1
consuming,1
obsessing,1
dominating,1
puzzling,1
triumphing,1
comprehension,1
sadness,1
emerges,1
conjunction,1
growing,1
knowing,1
statements,1
appease,1
consciences,1
imagination,1
uncomfortable,1
equivalent,1
wearing,1
weighted,1
understanding,1
outdated,1
amrisha,1
researcher,1
virginia,1
recognition,1
advantageous,1
harmful,1
another,1
jealousy,1
evolved,1
inequalities,1
happiness,1
destructive,1
prompting,1
goodness,1
encourage,1
relationships,1
cooperative,1
toronto,1
suggests,1
compensate,1
deficiency,1
studies,1
represent,1
pathways,1
shortfall,1
nastier,1
impulses,1
substitute,1
caregiver,1
assessments,1
observations,1
tendency,1
negative,1
chocolate,1
anonymous,1
appeared,1
inclined,1
magically,1
sympathetic,1
deprivation,1
prosocial,1
regulate,1
improve,1
intellectual,1
development,1
intensify,1
positive,1
consider,1
deceptive,1
burdensome,1
addictive,1
inexcusable,1
awareness,1
independent,1
socially,1
constructive,1
stability,1
emotion,1
opposing,1
correct,1
deficiencies,1
satisfaction,1
outcome,1
impulsive,1
closest,1
meaning,1
teachings,1
discussions,1
restnct10ns,1
wrongdoings,1
dioxide,1
produce,1
threatening,1
hastening,1
thankfully,1
involves,1
striking,1
helping,1
flourish,1
reducing,1
leading,1
figuring,1
details,1
proposed,1
temporarily,1
carrying,1
remaining,1
available,1
moisture,1
restoring,1
landscape,1
rendered,1
burnable,1
planning,1
hundreds,1
thousands,1
financed,1
proceeds,1
acreage,1
prioritize,1
greatest,1
strategy,1
material,1
removed,1
biofuel,1
vehicles,1
research,1
transportation,1
biofuels,1
accustomed,1
managing,1
traditionally,1
focused,1
wildlife,1
watersheds,1
recreation,1
recently,1
storing,1
expected,1
finalized,1
governor,1
misunderstand,1
extreme,1
weather,1
conditions,1
maintain,1
preserve,1
diversity,1
accelerate,1
present,1
absorbing,1
endeavors,1
cultivate,1
resistant,1
density,1
restore,1
quickly,1
essential,1
perfect,1
attitude,1
described,1
ambiguous,1
tolerant,1
supportive,1
cautious,1
complaining,1
shortages,1
several,1
complaints,1
unlikely,1
overhaul,1
congress,1
obstructed,1
straightforward,1
industry,1
communities,1
perhaps,1
undocumented,1
characteristics,1
predominantly,1
settled,1
migrating,1
married,1
century,1
picking,1
debated,1
implausible,1
returning,1
mechanization,1
production,1
soybeans,1
largely,1
mechanized,1
intensive,1
strawberries,1
milking,1
automated,1
reliant,1
temporary,1
starting,1
requests,1
sharply,1
doubled,1
numerical,1
nonagricultural,1
cumbersome,1
expensive,1
unreliable,1
bureaucratic,1
average,1
compounded,1
federal,1
underground,1
western,1
responded,1
operations,1
americans,1
imported,1
problem,1
addressed,1
paragraphs,1
discrimination,1
trouble,1
illegal,1
mobility,1
immigrant,1
solution,1
attract,1
strengthen,1
granting,1
procedures,1
duration,1
tightened,1
requirements,1
adm1ss10ns,1
america,1
manpower,1
automation,1
schwarzenegger,1
grenier,1
starring,1
encouraging,1
consumer,1
staples,1
cutlery,1
messages,1
include,1
legislation,1
overarching,1
directed,1
individuals,1
concern,1
leaving,1
grocery,1
quitting,1
accomplish,1
detrimental,1
satisfying,1
progressing,1
concerns,1
conversation,1
responsibility,1
centered,1
shopping,1
ignoring,1
sustainably,1
systemic,1
acknowledge,1
everyone,1
priority,1
shouldn,1
wellesley,1
college,1
elizabeth,1
collectively,1
structural,1
implementing,1
environmentally,1
problematic,1
banning,1
altogether,1
announced,1
eliminate,1
incentive,1
ensuring,1
recycling,1
disposal,1
primary,1
widespread,1
putting,1
perspective,1
progressive,1
policies,1
polluting,1
alongside,1
engaged,1
pushing,1
disclose,1
concerned,1
mislead,1
worthless,1
prevent,1
further,1
accomplishment,1
suppress,1
pointing,1
identity,1
indicates,1
shifted,1
community,1
welfare,1
relationship,1
improving,1
actively,1
exercising,1
government,1
arrangement,1
mechanism,1
concludes,1
aggressive,1
inconsistent,1
sufficient,1
rational,1
esponding,1
camille,1
youngsters,1
heavily,1
families,1
generation,1
proclivity,1
psychologists,1
personal,1
effects,1
involving,1
ownership,1
overwhelming,1
clinical,1
psychologist,1
chicago,1
difficulties,1
removes,1
current,1
jaroszewski,1
gagliardo,1
associates,1
convinced,1
involved,1
selecting,1
regards,1
proximity,1
possible,1
actually,1
getting,1
attorney,1
included,1
clarita,1
placing,1
emphasis,1
fantastic,1
purchase,1
speaking,1
purchasing,1
knowledge,1
riverside,1
seriously,1
changed,1
shelter,1
lifestyle,1
mindset,1
consequences,1
benefits,1
personally,1
desires,1
analyst,1
fitsmallbusiness,1
tomorrow,1
contingent,1
customize,1
relevant,1
embrace,1
despite,1
remarks,1
advises,1
purchases,1
involvement,1
believes,1
assumes,1
influenced,1
translate,1
chinese,1
underestimate,1
pleasant,1
readable,1
imitate,1
contrary,1
obviously,1
abundance,1
natural,1
polished,1
practicing,1
majority,1
authors,1
disappointments,1
rejections,1
determined,1
succeed,1
everything,1
literary,1
exception,1
suppose,1
traffic,1
suggest,1
arrangements,1
address,1
interpret,1
comments,1
